-- phpMyAdmin SQL Dump
-- version 5.2.0
-- https://www.phpmyadmin.net/
--
-- Host: 127.0.0.1
-- Generation Time: Apr 20, 2023 at 08:39 PM
-- Server version: 10.4.27-MariaDB
-- PHP Version: 8.2.0

SET SQL_MODE = "NO_AUTO_VALUE_ON_ZERO";
START TRANSACTION;
SET time_zone = "+00:00";


/*!40101 SET @OLD_CHARACTER_SET_CLIENT=@@CHARACTER_SET_CLIENT */;
/*!40101 SET @OLD_CHARACTER_SET_RESULTS=@@CHARACTER_SET_RESULTS */;
/*!40101 SET @OLD_COLLATION_CONNECTION=@@COLLATION_CONNECTION */;
/*!40101 SET NAMES utf8mb4 */;

--
-- Database: `web`
--

-- --------------------------------------------------------

--
-- Table structure for table `admin`
--

CREATE TABLE `admin` (
  `username` varchar(255) NOT NULL,
  `password` varchar(255) DEFAULT NULL,
  `init` varchar(255) DEFAULT '0',
  `createAt` datetime DEFAULT NULL,
  `updateAt` datetime DEFAULT NULL
) ENGINE=InnoDB DEFAULT CHARSET=utf8mb4 COLLATE=utf8mb4_general_ci;

--
-- Dumping data for table `admin`
--

INSERT INTO `admin` (`username`, `password`, `init`, `createAt`, `updateAt`) VALUES
('admin', '$2y$10$.wfh0Um7lxz2ao5NIJk6w.puqUnVpaWuqC901jXu7d05jOWEtqupe', '1', NULL, '2022-06-12 14:02:17'),
('binhdang_admin', '$2y$10$blgreA15bi/TorsNDajtbucdM4RpTeqpzorUrXDyRzQ9rOPnkaHCO', '0', '2022-06-12 16:52:48', '2022-06-12 16:52:48'),
('lethanhsang', '$2y$10$qzH1mOvBTpO9gkpCT2QmVObenFamHvwkY0ZRofn3oaaZWJb72KegW', '0', '2022-06-12 14:02:49', '2022-06-12 14:02:49'),
('username', '$2y$10$W9N2Vx4FnhBX/.nMz35KGOQC4Jj6ysXxYgHaOwEhzntB3GY.8z8B6', '0', NULL, '2022-06-12 14:02:09');

-- --------------------------------------------------------

--
-- Table structure for table `comment`
--

CREATE TABLE `comment` (
  `id` int(11) NOT NULL,
  `date` datetime DEFAULT NULL,
  `approved` tinyint(1) DEFAULT NULL,
  `content` varchar(10000) DEFAULT NULL,
  `news_id` int(11) DEFAULT NULL,
  `user_id` varchar(255) DEFAULT NULL,
  `parent` int(11) DEFAULT NULL
) ENGINE=InnoDB DEFAULT CHARSET=utf8mb4 COLLATE=utf8mb4_general_ci;

--
-- Dumping data for table `comment`
--

INSERT INTO `comment` (`id`, `date`, `approved`, `content`, `news_id`, `user_id`, `parent`) VALUES
(1, '2021-12-12 00:00:00', 1, 'Cảm ơn BTC đã tạo ra một sự kiện tuyệt vời đến như vậy', 1, 'lebinhdang@gmail.com', NULL),
(2, '2021-12-12 00:00:00', 1, 'Bất ngờ quá', 1, 'cuthanhbang@hcmut.edu.vn', NULL),
(3, '2021-12-12 00:00:00', 1, 'Bài viết rất hay, rất ý nghĩa', 2, 'migiry@hcmut.edu.vn', NULL),
(4, '2022-06-10 21:28:42', 1, 'Hấp dẫn quá ạ, quá tuyệt vời', 1, 'lethanhsang@gmail.com', NULL),
(5, '2022-06-11 02:48:42', 1, 'Rất bổ ích cho các bạn sinh viên', 2, 'lethanhsang@gmail.com', NULL),
(20, '2022-06-19 10:30:49', 1, 'Chương trình rất hay và bổ ích ạ.', 1, 'lethanhsang@gmail.com', NULL),
(21, '2022-06-19 10:31:47', 1, 'Bất ngờ quá', 1, 'lethanhsang@gmail.com', 2),
(29, '2022-06-19 13:42:18', 1, 'Bài viết rất hay', 1, 'lethanhsang@gmail.com', NULL),
(30, '2022-06-19 13:43:02', 1, 'Bài viết rất hay', 2, 'lethanhsang@gmail.com', 3),
(33, '2022-06-19 13:44:49', 1, 'Bài viết rất hay', 2, 'lethanhsang@gmail.com', NULL);

-- --------------------------------------------------------

--
-- Table structure for table `company`
--

CREATE TABLE `company` (
  `id` int(11) NOT NULL,
  `name` varchar(255) DEFAULT NULL,
  `address` varchar(1000) DEFAULT NULL,
  `createAt` datetime DEFAULT NULL,
  `updateAt` datetime DEFAULT NULL
) ENGINE=InnoDB DEFAULT CHARSET=utf8mb4 COLLATE=utf8mb4_general_ci;

--
-- Dumping data for table `company`
--

INSERT INTO `company` (`id`, `name`, `address`, `createAt`, `updateAt`) VALUES
(1, 'Chi nhánh TPHCM', '268 Lý Thường Kiệt, Phường 14, Quận 10, TPHCM', NULL, NULL),
(2, 'Chi nhánh Đà Nẵng', 'Số 346, đường 2/9,\nQuận Hải Châu,\nThành phố Đà Nẵng', NULL, NULL);

-- --------------------------------------------------------

--
-- Table structure for table `news`
--

CREATE TABLE `news` (
  `id` int(11) NOT NULL,
  `status` tinyint(1) DEFAULT NULL,
  `date` datetime DEFAULT NULL,
  `description` varchar(1000) DEFAULT NULL,
  `content` varchar(10000) DEFAULT NULL,
  `title` varchar(255) DEFAULT NULL
) ENGINE=InnoDB DEFAULT CHARSET=utf8mb4 COLLATE=utf8mb4_general_ci;

--
-- Dumping data for table `news`
--

INSERT INTO `news` (`id`, `status`, `date`, `description`, `content`, `title`) VALUES
(1, 1, '2022-04-05 17:00:00', 'Chuyên nghiệp, nhiệt huyết, và cháy hết mình là những điều KMS nhận được từ các bạn sinh viên Bách Khoa trong Job Fair Chủ Nhật vừa qua.\nCùng nhìn lại những khoảnh khắc đáng nhớ qua album này nhé.', 'Chuyên nghiệp, nhiệt huyết, và cháy hết mình là những điều KMS nhận được từ các bạn sinh viên Bách Khoa trong Job Fair Chủ Nhật vừa qua.\n\n\n\n\n\n\nCùng nhìn lại những khoảnh khắc đáng nhớ qua album này nhé.', 'KMS x CSE Job Fair 2022 💙'),
(2, 1, '2021-11-11 00:00:00', 'Cùng khởi động lại hành trình khám phá 360 độ về KMS Technology Vietnam với 80+ bạn sinh viên HCMUS và UIT trong KMS Tour 10/5 này', '⭐ KMS Fresher Program: Giải mã chi tiết chương trình tuyển dụng Fresher- cơ hội “cất cánh” sự nghiệp tại một trong những môi trường làm việc tốt nhất tại Việt Nam và châu Á.\n\n⭐ Alumni Talks: Chia sẻ đầy cảm hứng từ các KMSers là cựu sinh viên HCMUS và UIT.\n\n⭐ Office Tour & Project Visits: Tham quan văn phòng và tận mắt quan sát, tìm hiểu về các dự án.\n\n⭐ CV Clinic: Được tư vấn hoàn thiện và nâng cấp CV theo hình thức 1-1.\n\n⭐ Acoustic Show: Thưởng thức trà bánh, hòa mình vào show nhạc Acoustic tại coffee lounge.\n\nCác anh chị KMSers vô cùng háo hức và mong chờ vào cuộc hẹn này. Còn các bạn sinh viên thì sao? 😆', '[HCMC] KMS TOUR OFFLINE chính thức trở lại!');

-- --------------------------------------------------------

--
-- Table structure for table `product`
--

CREATE TABLE `product` (
  `id` int(11) NOT NULL,
  `price` int(11) DEFAULT NULL,
  `name` varchar(255) DEFAULT NULL,
  `description` varchar(1000) DEFAULT NULL,
  `content` varchar(10000) DEFAULT NULL,
  `img` varchar(255) DEFAULT NULL
) ENGINE=InnoDB DEFAULT CHARSET=utf8mb4 COLLATE=utf8mb4_general_ci;

--
-- Dumping data for table `product`
--

INSERT INTO `product` (`id`, `price`, `name`, `description`, `content`, `img`) VALUES
(1, 0, 'Katalon', 'Katalon Studio là một giải pháp kiểm thử tự động được phát triển bởi Katalon LLC.', 'Phần mềm này được xây dựng dựa trên các khung tự động hóa nguồn mở Selenium, Appium với giao diện IDE chuyên dụng để kiểm thử ứng dụng web, API, di động và máy tính để bàn. Bản phát hành đầu tiên để sử dụng nội bộ là vào tháng 1 năm 2015. Bản phát hành công khai đầu tiên là vào tháng 9 năm 2016. Năm 2018, phần mềm đã giành được 9% thâm nhập thị trường trong lĩnh vực kiểm thử tự động giao diện người dùng, theo Báo cáo về tình hình kiểm thử năm 2018 của SmartBear.\r\n\r\nKatalon được công nhận là Sự lựa chọn của khách hàng trong lĩnh vực kiểm thử tự động phần mềm của Gartner Peer Insights tháng 3 năm 2019 và tháng 3 năm 2020.', 'https://upload.wikimedia.org/wikipedia/commons/thumb/e/e4/Katalon-logo-vector.svg/1200px-Katalon-logo-vector.svg.png'),
(2, 50000, 'Kobiton', '“Kobiton là công ty duy nhất trên thị trường có khả năng kết hợp việc kiểm thử trên các thiết bị thực với giải pháp tự động hóa”', 'Kobiton là startup phần mềm được sáng lập năm 2016 từ đội ngũ lãnh đạo và kỹ sư người Việt thuộc KMS Technology, và đang có hơn 120 nhân viên tại Việt Nam và Atlanta (Mỹ). Họ phát triển giải pháp kiểm thử phần mềm trên thiết bị di động duy nhất cung cấp đầy đủ điều kiện cần thiết để doanh nghiệp có thể phát hành ứng dụng di động ra thị trường nhanh chóng.\nQuá trình kiểm thử phần mềm được thực hiện trên các thiết bị di động thực, hỗ trợ khách hàng trên toàn cầu ở nhiều quy mô, từ các doanh nghiệp “kỳ lân” cho đến các công ty blue-chip, đáp ứng yêu cầu của nhiều lĩnh vực như bán lẻ, giải trí, dịch vụ tài chính, sáng tạo và ngành du lịch.\n\nĐến đầu năm nay, Kobiton đã đạt mốc hơn 50.000 người dùng trên toàn cầu. Nhờ vào việc ứng dụng công nghệ AI và việc sáp nhập gần đây cùng Mobile Labs, Kobiton đã đạt mức tăng trưởng 250% so với cùng kỳ năm trước.\n\n', 'https://theme.zdassets.com/theme_assets/292254/86844d094285d4818cfd9bbb1c0c1bedea95b65d.png'),
(3, 25000, 'Grove', 'Bạn đang quản lý nhân sự hay quản lý giấy tờ?', 'Trải nghiệm FREE phần mềm quản trị nhân sự toàn diện trong 2 tháng\nBạn dành phần lớn thời gian để tìm kiếm, sắp xếp, tổng hợp dữ liệu trên các tập tin Excel, spreadsheet khác nhau. Hay bạn dành thời gian để lên kế hoạch, trình bày báo cáo, đưa ra những quyết định chiến lược và xây dựng đội ngũ làm việc gắn kết, hiệu quả cao.\n\nGrove HR tin rằng với một giải pháp nhân sự hiện đại và đồng bộ hoá, quản lý giấy tờ sẽ không còn là gánh nặng. Bạn sẽ có thời gian để tập trung vào việc quan trọng nhất - phát triển nguồn nhân lực! Trải nghiệm ngay giải pháp nhân sự toàn diện Grove HR.\nGrove HR là sản phẩm HR được phát triển và xây dựng bởi công ty công nghệ hàng đầu - KMS Technology. Với mục tiêu giúp các doanh nghiệp tại Việt Nam phát triển tối ưu, Grove HR “số hoá\" các bài toán nhân sự.', 'https://c.smartrecruiters.com/sr-company-images-prod/58cbb8d5e4b0867c17f57588/699da839-5f7d-45c3-8810-8c86dca65287_social_logo/300x300?r=s3&_1621408203503'),
(4, 25000, 'Visily', 'Visily là một phần mềm thiết kế giao diện sản phẩm (UI – user interface)', 'Visily là một phần mềm thiết kế giao diện sản phẩm (UI – user interface) dành cho người dùng không chuyên, tập trung vào câu chuyện hỗ trợ người dùng thiết kế dễ dàng với các tính năng sử dụng sức mạnh của trí thông minh nhân tạo (AI – artificial intelligence). Sau 6 tháng ở giai đoạn thử nghiệm, Visily cũng đã cho ra mắt phiên bản chính thức đầu tiên của mình vào tháng 5/2022.\n\nVới một giao diện trực quan, cùng với thư viện thiết kế phong phú và các tính năng sử dụng sức mạnh của trí thông minh nhân tạo, Visily đã giúp hàng nghìn người dùng ở các vị trí khác nhau trong các đội ngũ xây dựng và phát triển sản phẩm tạo nên những mockup giao diện ứng dụng một cách dễ dàng.', 'https://prices.vn/photos/banner/1639114098-ma-giam-gia-visily.png');

-- --------------------------------------------------------

--
-- Table structure for table `services`
--

CREATE TABLE `services` (
  `service_name` text NOT NULL,
  `service_description` text NOT NULL,
  `service_img` text NOT NULL
) ENGINE=InnoDB DEFAULT CHARSET=utf8mb4 COLLATE=utf8mb4_general_ci;

--
-- Dumping data for table `services`
--

INSERT INTO `services` (`service_name`, `service_description`, `service_img`) VALUES
('Product Authentication', 'Learn more >', './public/img/services/icon-apartment.png'),
('Carbon Neutrality', 'Learn more >', './public/img/services/icon-apartment.png'),
('Commercial Buildings', 'Learn more >', './public/img/services/icon-apartment.png'),
('Airport Facilities', 'Learn more >', './public/img/services/icon-apartment.png'),
('Automotive Industry', 'Learn more >', './public/img/services/icon-apartment.png'),
('Entertainment Facilities', 'Learn more >', './public/img/services/icon-apartment.png'),
('Hotel Facilities', 'Learn more >', './public/img/services/icon-apartment.png'),
('Mining Facilities', 'Learn more >', './public/img/services/icon-apartment.png');

-- --------------------------------------------------------

--
-- Table structure for table `services_info`
--

CREATE TABLE `services_info` (
  `services_info_name` text NOT NULL,
  `services_info_description` text NOT NULL,
  `services_info_img` text NOT NULL
) ENGINE=InnoDB DEFAULT CHARSET=utf8mb4 COLLATE=utf8mb4_general_ci;

--
-- Dumping data for table `services_info`
--

INSERT INTO `services_info` (`services_info_name`, `services_info_description`, `services_info_img`) VALUES
('Stories', 'Explore the fascinating world of technology and innovation and learn more about digitalization in industries, energy transition and smart infrastructure.', 'https://cdn-icons-png.flaticon.com/512/6081/6081056.png '),
('Fairs & Events', 'Innovations for Tomorrow. Cutting-edge technology showcased at premier fairs and events worldwide. Experience excellence, efficiency, and sustainability.', 'https://cdn-icons-png.flaticon.com/512/2680/2680341.png'),
('Investor Relations', 'Here you\'ll find capital market relevant information around our financial disclosure, our share, the AGM and Corporate Governance topics.', 'https://cdn-icons-png.flaticon.com/512/2329/2329158.png'),
('Topic Areas', 'What are the most relevant topics for us? Discover our state-of-the-art solutions and ideas.', 'https://cdn-icons-png.flaticon.com/512/9111/9111567.png');

-- --------------------------------------------------------

--
-- Table structure for table `services_place`
--

CREATE TABLE `services_place` (
  `services_place_name` text NOT NULL,
  `services_place_description` text NOT NULL,
  `services_place_img` text NOT NULL,
  `services_place_button` text NOT NULL
) ENGINE=InnoDB DEFAULT CHARSET=utf8mb4 COLLATE=utf8mb4_general_ci;

--
-- Dumping data for table `services_place`
--

INSERT INTO `services_place` (`services_place_name`, `services_place_description`, `services_place_img`, `services_place_button`) VALUES
('Mobility', 'Bosch offers innovative mobility through vehicle technology, data cloud, and services.', './public/img/services/Convenience_Everywhere_1.webp', 'Our mobility offerings'),
('At home', 'Bosch offers you individual solutions for your home to make life a bit easier every day.', './public/img/services/Convenience_Everywhere_2.webp', 'Our offerings for your home'),
('Industry and trades', 'Bosch offers innovative products and services for industry and trades.', './public/img/services/Convenience_Everywhere_3.webp', 'Our offerings for industry and trades');

-- --------------------------------------------------------

--
-- Table structure for table `user`
--

CREATE TABLE `user` (
  `email` varchar(255) NOT NULL,
  `profile_photo` varchar(255) DEFAULT NULL,
  `fname` varchar(255) DEFAULT NULL,
  `lname` varchar(255) DEFAULT NULL,
  `gender` tinyint(1) DEFAULT NULL,
  `age` int(11) DEFAULT NULL,
  `phone` varchar(10) DEFAULT NULL,
  `createAt` datetime DEFAULT NULL,
  `updateAt` datetime DEFAULT NULL,
  `password` varchar(255) DEFAULT NULL
) ENGINE=InnoDB DEFAULT CHARSET=utf8mb4 COLLATE=utf8mb4_general_ci;

--
-- Dumping data for table `user`
--

INSERT INTO `user` (`email`, `profile_photo`, `fname`, `lname`, `gender`, `age`, `phone`, `createAt`, `updateAt`, `password`) VALUES
('cuthanhbang@hcmut.edu.vn', 'public/img/user/default.png', 'Cù Thanh', 'Bằng', 1, 20, '0123456789', NULL, NULL, '$2y$10$FMmsUnlpGd2VbE/E3gtj6erePv5mxEp2BZcWqFAbvDXHHaEZV0/8W'),
('lebinhdang@gmail.com', 'public/img/user/default.png', 'Lê Bình', 'Đẳng', 1, 21, '0123456789', '2022-06-05 16:59:35', '2022-06-05 16:59:35', '$2y$10$nLUMBHdzrLK1mQbSfOBlY.R35CSYTO8.z5UVI37e3g.BxYIrcJT02'),
('lethanhsang@gmail.com', 'public/img/user/2022_06_19_08_41_52am.jpg', 'Lê Thanh', 'Sang 123', 1, 22, '0123456789', '2022-06-03 16:41:50', '2022-06-19 13:41:52', '$2y$10$FMmsUnlpGd2VbE/E3gtj6erePv5mxEp2BZcWqFAbvDXHHaEZV0/8W'),
('migiry@hcmut.edu.vn', 'public/img/user/default.png', 'Nguyễn Trần', 'MiGi', 0, 20, '0123456789', NULL, NULL, '$2y$10$FMmsUnlpGd2VbE/E3gtj6erePv5mxEp2BZcWqFAbvDXHHaEZV0/8W'),
('sangle@gmail.com', 'public/img/user/2022_06_19_08_59_18am.jpg', 'Lê', 'Sang', 1, 21, '123456789', '2022-06-19 13:58:29', '2022-06-19 13:59:18', '$2y$10$cZXL.spt3RUhpndKRl7FfeiMTbl2FZUCxcBcIfzYJ//JKkVbXyNEa');

--
-- Indexes for dumped tables
--

--
-- Indexes for table `admin`
--
ALTER TABLE `admin`
  ADD PRIMARY KEY (`username`);

--
-- Indexes for table `comment`
--
ALTER TABLE `comment`
  ADD PRIMARY KEY (`id`),
  ADD KEY `news_id` (`news_id`),
  ADD KEY `user_id` (`user_id`),
  ADD KEY `parent` (`parent`);

--
-- Indexes for table `company`
--
ALTER TABLE `company`
  ADD PRIMARY KEY (`id`);

--
-- Indexes for table `news`
--
ALTER TABLE `news`
  ADD PRIMARY KEY (`id`);

--
-- Indexes for table `product`
--
ALTER TABLE `product`
  ADD PRIMARY KEY (`id`);

--
-- Indexes for table `user`
--
ALTER TABLE `user`
  ADD PRIMARY KEY (`email`);

--
-- AUTO_INCREMENT for dumped tables
--

--
-- AUTO_INCREMENT for table `comment`
--
ALTER TABLE `comment`
  MODIFY `id` int(11) NOT NULL AUTO_INCREMENT, AUTO_INCREMENT=34;

--
-- AUTO_INCREMENT for table `company`
--
ALTER TABLE `company`
  MODIFY `id` int(11) NOT NULL AUTO_INCREMENT, AUTO_INCREMENT=3;

--
-- AUTO_INCREMENT for table `news`
--
ALTER TABLE `news`
  MODIFY `id` int(11) NOT NULL AUTO_INCREMENT, AUTO_INCREMENT=3;

--
-- AUTO_INCREMENT for table `product`
--
ALTER TABLE `product`
  MODIFY `id` int(11) NOT NULL AUTO_INCREMENT, AUTO_INCREMENT=7;

--
-- Constraints for dumped tables
--

--
-- Constraints for table `comment`
--
ALTER TABLE `comment`
  ADD CONSTRAINT `comment_ibfk_1` FOREIGN KEY (`news_id`) REFERENCES `news` (`id`) ON DELETE CASCADE ON UPDATE CASCADE,
  ADD CONSTRAINT `comment_ibfk_2` FOREIGN KEY (`user_id`) REFERENCES `user` (`email`) ON DELETE CASCADE ON UPDATE CASCADE,
  ADD CONSTRAINT `comment_ibfk_3` FOREIGN KEY (`parent`) REFERENCES `comment` (`id`) ON DELETE CASCADE ON UPDATE CASCADE;
COMMIT;

/*!40101 SET CHARACTER_SET_CLIENT=@OLD_CHARACTER_SET_CLIENT */;
/*!40101 SET CHARACTER_SET_RESULTS=@OLD_CHARACTER_SET_RESULTS */;
/*!40101 SET COLLATION_CONNECTION=@OLD_COLLATION_CONNECTION */;
